"The parents of a -year-old who died by suicide after thinking he lost $, on Robinhood are suing the stock-trading app"
"The regulation of tech monopolies will decide the fate of Western democracies"
"Fauci says we risk creating more powerful COVID- variants if we delay nd shots of the vaccine"
"andMe is going public. We spoke with its CEO about its road to IPO, and what the future holds for the consumer-genetics industry."
"-year-old furniture retailer 'Mattress Mack' placed one of the biggest bets in Super Bowl history — and won millions"
"I just spoke with hedge-fund billionaire Ray Dalio about the future of global capitalism. I'm worried."
"Reddit's WallStreetBets is facing a culture divide as new users flood the forum"
"Amazon now sells a $ COVID- test you can take at home. Here's what it's like to use."
"A Palm Beach mansion on a plot of land that Trump once owned is about to sell for $ million, and it could shatter the area's real-estate record"
"The internet blasted me when I said I regretted moving from California to Austin, Texas. Here's what I'd do differently if I moved there again."
"Take a look at this $, tiny home design, which can be unfolded from the box it's delivered in by  people in just  hours, and is meant to be moved around"
"Amazon's next CEO, Andy Jassy, has a $ million stake in the company. It would be worth $. billion if he'd held on to all of his shares."
"The  best online flower delivery services we tested in "
"Start your new project today with the best Home Depot coupon codes."
"Work smarter not harder with Staples' variety of discounted offerings on all things office and classroom."
"Put your best foot forward with our best DSW offers."
"The most comfortable beds, the most reassuring prices with Casper coupons."
"Credit Suisse says to buy these  'highest-conviction' stock picks that are set to outperform despite the market's contrarian view"
"UBS says bitcoin is a bubble and too volatile to diversify a portfolio, unlike gold — here's why the bank says it could end up 'worthless'"
"Bank of America says investors might start selling stocks and buying bonds sooner than expected. Here's when it could happen, and what to own for maximum income if yields keep rising."
"Apple can surge another % by adding cryptocurrency services to its Wallet app, RBC says"
"Dow, S&P  close at record highs as stimulus optimism continues"
"SPAC NextGen Acquisition jumps % after report of deal to take EV truck maker Xos public"
"Square gains % as the payments company rides bitcoin's record-breaking rise"
"Investors should look to bonds and emerging-market stocks instead of holding cash as inflation climbs, UBS says"
"Stocks are due for a correction, but investors should buy the dip as a major crash is unlikely in , Jefferies says"
"Oil hits highest level in more than a year with demand expected to recover as COVID- vaccine expands"
"A wealth management research chief shares  stock-market sectors to buy as the country reopens and the economy experiences its 'best single year of GDP growth since '"
"Tesla bought $. billion in bitcoin — here are the risks it sees"
"Apple chip supplier Dialog is being bought for nearly $ billion by Japanese giant Renesas Electronics"
"China appears to have blocked Clubhouse, the buzzy social-media app, after people in the country flocked to it to discuss politics"
"A Salesforce manager says she quit over 'countless microaggressions and inequity' at the $ billion cloud software giant"
"HEALTH TECH'S ROLE IN THE NEW OFFICE NORMAL: How digital health firms are helping US employers facilitate return-to-work programs amid the coronavirus pandemic"
"California's net-neutrality rules clear major hurdle as Biden's DOJ abandons its efforts to block them"
"Samsung's new  K and K Neo QLED TVs are now available to preorder with prices starting at $,"
"NASA's Perseverance rover is about to attempt a supersonic plunge to Mars, complete with a jetpack landing"
"The 'Godfather of Atlanta tech' is helping founders eschew Silicon Valley by raising the largest fund in the Southeast"
"How to get the Disney Plus bundle with ESPN+ and the different versions of Hulu"
"How does Instacart work? What to know about the grocery delivery service powered by freelancers"
"Facebook expanded its rules on posting misinformation and will remove all false claims about COVID vaccines, including that they cause autism"
"How to cancel subscriptions you made through Amazon and stop being charged for streaming services and apps"
"The CEOs of Thrive Market, Hungryroot, and Good Eggs lay out how they're competing in the $ trillion grocery industry as they move from niche to mainstream retailers"
"Dream Hotels CEO Jay Stein says the luxury hospitality company 'cannot survive' without business travelers"
"Only  pairs of these Nike shoes designed for Obama exist, and you can buy a pair for $,"
"Costco's iconic $ rotisserie chicken is under fire from animal rights activists"
"Target's new activewear brand generated $ billion in just one year, cashing in on Americans' pandemic-driven shift to athleisure"
"SMALL-BUSINESS POINT-OF-SALE BATTLE: Here's how point-of-sale providers can adapt their offerings for the coronavirus pandemic to win over small businesses"
"Oatly raised eyebrows ahead of its reported IPO with its quirky Super Bowl ad. Here are  other food companies that experts say could go public"
"A startup that invented a high-tech coffee brewer raised $. million and got cafes to buy its product during a pandemic. Here's its sales pitch."
"Here's how Insider reporter Shoshy Ciment covers the booming multi-billion dollar sneaker resale market"
"Why Nordstrom is doubling down on dropshipping, a controversial tactic popular with e-commerce entrepreneurs"
"How a quirky apparel company grew sales % in  and became the fastest-growing DTC company in Q, according to web traffic data"
"Top McDonald's exec Charlie Strong is leaving the company after more than  years, signaling the end of an era at the fast-food giant"
"Here's what job seekers can learn from Tom Brady's post-college résumé"
"Admissions consultants and recent graduates of Columbia Law share what it takes to get into the top  law school"
"The self-improvement strategy the CEO of internet company GoDaddy uses to find success at work and in life"
"Before Tom Brady was a Super Bowl champion he was an intern at Merrill Lynch — here's his resume from when he didn't think he'd make it in the NFL"
"How Exxon Mobil went from being the world's most valuable company to getting booted from the Dow and laying off thousands in less than a decade"
" freelance writers reveal their secrets for turning a side hustle into a -figure career"
"We asked a Harvard Business School professor to analyze Jeff Bezos' departure letter. Here's where it was successful — and where it could have been stronger."
" tell-tale signs you could be a micro-manager — and how to correct your bad habits right away"
"Creativity is the WFH casualty no one is talking about. Here's how to stay inspired while working remotely."
"The  best HR apps companies are using to hire rock stars, pay out salaries, and track performance"
"How a former banking VP quit her job during the pandemic and became a life coach for corporate working moms"
"How Andy Jassy can step into the CEO role at Amazon with a titan like Jeff Bezos still around as executive chair"
"The + best Valentine's Day  deals you can shop now, including early discounts on flowers and candy"
"The + best Presidents' Day  sales: The best deals on everything from mattresses to prescription glasses"
"Patagonia's Web Special sale includes tons of deals on jackets, shirts, and gear through February "
"The  best snow jackets and coats for dogs in , according to dog walkers"
" Valentine's Day gifts for him that don't feel predictable"
"The Galaxy S isn’t a big step forward, but that’s exactly why I like it so much"
"The  best best clothes steamers we tested in "
"The  best hotels in New Orleans, from boutique hotels in the French Quarter to well-known chains like Ace and Ritz-Carlton"
"The best stovetop espresso makers and moka pots"
"The best patio umbrellas in "
"This no-pull dog harness curbs leash-pulling in dogs — here's how it transforms walks from stressful to relaxed"
"The  best men's winter coats for any winter weather"
" investing apps to try if you don't want to use Robinhood"
"The Amex Platinum card is available to active-duty servicemembers at no annual fee — but even with the fee, it's a great value"
"The best rewards credit cards of "
"Citi / AAdvantage Platinum Select card review: A solid welcome bonus and benefits like a free checked bag can save you lots of money"
"How to choose between a savings account, money market account, and CD"
"Hilton Honors American Express Card review: A big welcome bonus and decent perks, without an annual fee"
"Democrats want people who lost income to file their taxes early so they qualify for more relief, including bigger stimulus checks"
"The best investment apps for beginners"
"Payment for order flow is compensation online brokers receive when third parties execute orders for them — here's how it affects you"
"DiversyFund review: Invest in real estate with as little as $"
"How much the average homeowner pays for insurance in the US, by state and home value"
"Fundrise review: Invest as little as $ in real estate — but plan on parking your money for at least  years"
"THE MILLENNIAL FINANCIAL HEALTH REPORT: How the largest generation is saving and managing their money, and how banks can target products and messaging to reach them"
"A Salesforce manager says she quit over 'countless microaggressions and inequity' at the $ billion cloud software giant"
"Sen. Raphael Warnock indicates support for keeping stimulus check income thresholds in the Biden relief package"
"About  in  Americans have received at least one dose of coronavirus vaccine"
"THE BANKING-AS-A-SERVICE REPORT: The major players and best practices behind the business model that's reshaping incumbents' DNA"
"HEALTH TECH'S ROLE IN THE NEW OFFICE NORMAL: How digital health firms are helping US employers facilitate return-to-work programs amid the coronavirus pandemic"
"The Podcast Audience Report"
"House Democrats dismiss efforts to scale back eligibility for $, stimulus checks"
"California's net-neutrality rules clear major hurdle as Biden's DOJ abandons its efforts to block them"
"A hacker tried to poison the water supply in a Florida community that serves , people, officials said"
"Inside McDonald's reckoning on race amid billion-dollar lawsuits and unprecedented new efforts"
"A $ minimum wage would barely hurt business and be life-changing for many workers"
"The new world's longest flight is getting an upgrade as Singapore Airlines builds back up in the US — see inside the luxurious plane"
"Nissan just revamped its Pathfinder SUV for the first time since  with bolder, angrier looks — see more"
"The  best hotels in New Orleans, from boutique hotels in the French Quarter to well-known chains like Ace and Ritz-Carlton"
"Samsung's new  K and K Neo QLED TVs are now available to preorder with prices starting at $,"
"How to choose between a savings account, money market account, and CD"
"Hilton Honors American Express Card review: A big welcome bonus and decent perks, without an annual fee"
"The best stovetop espresso makers and moka pots"
"NASA's Perseverance rover is about to attempt a supersonic plunge to Mars, complete with a jetpack landing"
"The 'Godfather of Atlanta tech' is helping founders eschew Silicon Valley by raising the largest fund in the Southeast"
"The best patio umbrellas in "
"This no-pull dog harness curbs leash-pulling in dogs — here's how it transforms walks from stressful to relaxed"
"Booster shots are likely in the UK this fall to combat coronavirus variants — a sign vaccines may become an annual affair"
"A business tax credit for keeping employees may be more helpful than a PPP loan — and you could be eligible for both"
"A bar owner debunks the myth that small businesses will be 'devastated' if they're forced to raise their minimum wage"
"The NFL allowed a small change to ref uniforms and now Sarah Thomas can wear a ponytail in the Super Bowl"
"Only  pairs of these Nike shoes designed for Obama exist, and you can buy a pair for $,"
"Amazon just lost its bid to require in-person voting for a union election in Alabama"
"How Trump's nd impeachment trial could help Capitol rioters' legal defense in their criminal cases"
"The  best men's winter coats for any winter weather"
"Democrats want people who lost income to file their taxes early so they qualify for more relief, including bigger stimulus checks"
"Columbia Law School professor explains what it takes for a president to be impeached"
"The + best Valentine's Day  deals you can shop now, including discounts on flowers and candy"
"We tested over a dozen winter parkas for men, and these are the four best"
"House Democrats unveil draft of stimulus measures, which include a minimum wage increase and $ billion for reopening K- schools"
"The iconic French Quarter might be quieter than usual right now, but the Royal Sonesta New Orleans still offers an opulent stay overlooking Bourbon Street"
"Start your new project today with the best Home Depot coupon codes."
"Work smarter not harder with Staples' variety of discounted offerings on all things office and classroom."
"Put your best foot forward with our best DSW offers."
"The most comfortable beds, the most reassuring prices with Casper coupons."
